simple_Q_gpt_models_comparison,,,답변의 정확성,10점 만점 정수로 적으시오,,,average_acc_gpt4t&ldcc_1,한국어 유창성,,,,average_korean_gpt4t&ldcc_1,,답변의 정확성,10점 만점 정수로 적으시오,,,average_acc_gpt35t&llama_1,한국어 유창성,,,,average_korean_gpt35t&llama_1
,simple_Q_ans,GPT-4 Turbo,서강문,최승혁,강민우,최보근,평균,서강문,최승혁,강민우,최보근,평균,GPT-3.5 Turbo,서강문,최승혁,강민우,최보근,평균,서강문,최승혁,강민우,최보근,평균
과일 가격 상승이 인플레이션에 미치는 영향은?,과일 가격 상승이 전체 인플레이션의 약 7분의 1을 차지하여 중요한 요소임.,"과일 가격 상승이 인플레이션에 미치는 영향은 다양합니다. 우선, 과일 가격 상승은 소비자 가격 지수의 중요한 구성 요소인 식품 및 음료 카테고리에서 소비자 가격의 전반적인 증가에 직접적으로 기여합니다. 예를 들어, 감귤류와 같은 과일의 가격 급등은 사과, 배, 시금치, 파, 오이 등 다른 농산물 가격 상승의 더 넓은 추세를 반영합니다. 이는 소비자의 생활비에 영향을 미치는 것은 물론, 대중과 기업 사이에 인플레이션에 대한 기대치를 높일 수 있습니다.

둘째, 과일 가격 상승은 경제의 다른 부문에 연쇄적인 영향을 미칠 수 있습니다. 예를 들어, 식품 가격 상승은 구매력을 유지하고자 하는 근로자들이 임금 인상을 요구하게 할 수 있으며, 이는 기업이 더 높은 노동 비용을 충당하기 위해 가격을 인상하게 되면 비용 상승 인플레이션에 기여할 수 있습니다.

또한, 과일 가격 상승은 더 넓은 인플레이션 압력의 일부로서, 통화 정책 결정에 영향을 미칠 수 있습니다. 중앙은행은 인플레이션과 싸우기 위해 금리 인하를 지연시키거나 금리 인상을 고려할 수 있으며, 이는 소비자와 기업의 차입 비용에 영향을 미칠 수 있습니다. 이는 경제 성장과 금융 안정성에 더 넓은 영향을 미칠 수 있습니다.

요약하자면, 과일 가격 상승은 소비자 가격을 직접적으로 증가시키고, 임금 요구를 높일 수 있으며, 통화 정책 결정에 영향을 미칠 수 있어, 이 모든 것이 더 넓은 경제적 함의를 가질 수 있습니다.",8,7,9,8,8,9,9,9,9,9,"과일 가격 상승은 전반적인 인플레이션에 상당한 영향을 미치며, 과일만으로도 전체 인플레이션율의 상당 부분을 차지합니다.",6,3,1,4,3.5,7,7,8,7,7.25
명절 이후 농산물 가격은 어떻게 변화하고 있는가?,명절 이후에도 농산물 가격이 계속해서 상승하고 있음.,"명절 이후에도 농산물 가격은 계속 상승하고 있습니다. 명절 기간 동안 수요가 증가하면서 가격이 상승하는 경향이 있으며, 명절이 끝난 후에도 이러한 가격 상승이 지속되는 경우가 많습니다. 이는 명절 기간 동안의 높은 수요가 농산물 공급에 미치는 영향과, 명절 이후에도 계속되는 공급 제약으로 인해 발생할 수 있습니다. 따라서, 소비자들은 명절 이후에도 농산물 가격이 높은 수준을 유지할 것으로 예상해야 합니다.",8,5,5,7,6.25,8,8,5,7,7,"명절 이후 농산물 가격은 계속해서 상승하고 있습니다. 예를 들어, 귤의 가격은 지난 몇 년간의 평균 가격과 비교하여 두 배로 상승했습니다. 또한, 사과, 배, 시금치, 파, 오이 등 다른 품목들도 작년 대비 상당한 가격 상승을 보였습니다. 이러한 추세는 명절 이후 농산물의 가격이 계속해서 상승하고 있다는 것을 나타냅니다.",10,7,8,7,8,10,9,8,8,8.75
국제유가와 환율 상승이 물가 상승에 미치는 영향은?,국제유가와 환율 상승으로 인해 물가상승률이 3%대에 이를 것으로 전망됨.,"국제유가 상승과 환율 상승은 물가 상승에 다음과 같은 영향을 미칩니다.

국제유가가 상승하면 운송 및 생산 비용이 증가하여 상품 및 서비스의 가격이 상승합니다. 이는 증가된 비용이 소비자에게 전가되면서 전반적인 인플레이션율이 높아지는 결과를 초래할 수 있습니다. 따라서, 국제유가 상승은 물가 상승의 주요 원인 중 하나로 작용할 수 있습니다.

환율이 상승하면 수입된 상품 및 서비스가 더 비싸지게 되어 인플레이션을 촉진할 수 있습니다. 수입 비용의 증가는 경제 내에서 전반적인 가격 수준의 상승으로 이어질 수 있으며, 기업들이 이러한 높은 비용을 소비자에게 더 높은 가격 형태로 전가할 수 있습니다. 또한, 한 국가가 상당량의 상품을 수입하는 경우, 화폐 가치가 하락함에 따른 인플레이션에 대한 영향이 더욱 두드러질 수 있습니다.

결론적으로, 국제유가와 환율 상승은 물가 상승을 촉진하는 중요한 요인으로, 이는 소비자의 구매력에 영향을 미치고 경제 전반에 걸쳐 다양한 영향을 미칠 수 있습니다.",8,8,10,9,8.75,9,9,10,9,9.25,"국제유가와 환율 상승은 물가 상승에 상당한 영향을 미치며, 전반적인 물가 상승에 기여합니다.",7,3,4,5,4.75,7,5,5,6,5.75
미국 금리 인하 시기가 미뤄진 이유는?,미국에서 서비스 물가 상승 지속으로 금리 인하 시기가 3월에서 6월로 미뤄짐.,"미국 금리 인하 시기가 미뤄진 이유는 지속적인 높은 인플레이션, 강력한 고용 시장이 임금과 서비스 가격을 상승시키는 현상, 그리고 국제유가 및 물류 비용의 상승 등 여러 요인이 복합적으로 작용하기 때문입니다. 이러한 요인들은 인플레이션 압력과 싸우기 위해 높은 금리가 계속될 것이라는 기대를 불러일으켰습니다. 따라서, 이러한 경제적 상황은 중앙은행이 금리 인하를 신중하게 고려하게 만들며, 이는 금리 인하 시기를 미루는 주요 원인 중 하나가 되었습니다.",8,9,8,8,8.25,8,9,6,7,7.5,"미국 연방준비제도의 금리 인하 시기가 미뤄진 이유는, 서비스 가격의 상당한 상승, 국제유가 상승, 물류 비용 증가로 인한 지속적인 높은 인플레이션 압력 때문입니다. 또한, 뉴욕 연방준비은행의 글로벌 공급망 압력 지수가 약간 상승했으며, 러시아-우크라이나 갈등 및 홍콩 상황과 같은 지정학적 리스크로 악화된 글로벌 공급망 도전에 대한 지속적인 증가를 보여줄 수 있습니다.",7,8,8,8,7.75,5,8,8,8,7.25
한국 내 주요 물가 변화에 대한 개요는?,"감귤, 사과, 배 등 과일 가격 크게 상승.","한국 내에서는 휘발유와 과일을 포함한 다양한 상품의 가격이 눈에 띄게 상승하고 있으며, 이는 인플레이션에 대한 우려와 높은 금리가 장기화될 가능성을 불러일으키고 있습니다. 구체적으로, 전국 주유소에서의 휘발유 평균 판매 가격이 전월 대비 45.8원(2.9%) 상승하여, 16주 연속 하락에서 3주 연속 상승으로 전환되었습니다. 이러한 휘발유 가격 상승은 국제유가 반등에 기인하며, 브렌트유 가격이 이전에 12월 초에 73달러 범위로 떨어졌던 것에서 벗어나 배럴당 83달러를 넘어섰습니다.

또한, 과일 가격이 소비자 가격 지수에 기여하는 비중이 13년 만에 최고치에 도달했으며, 1월 전체 인플레이션율 2.8% 중 과일 가격만이 일곱 분의 일을 차지했습니다. 금귤 가격이 두 배로 상승하는 등 과일 가격의 상승, 그리고 채소 가격의 상승은 가계 예산에 상당한 영향을 미치며, 소비자들이 다양한 농산물을 구매하기 어렵게 만들고 있습니다.

이러한 가격 상승은 국제유가 및 환율 상승과 같은 더 넓은 경제 환경 속에서 발생하고 있으며, 이는 인플레이션 압력을 다시 불러일으키고 있습니다. 한국 원화는 달러에 대해 약세를 보이며, 수입 비용 증가로 인플레이션 추세에 기여하고 있습니다. 이러한 상황은 이달 인플레이션율이 3%에 이를 것이라는 예측을 낳고 있으며, 높은 금리, 높은 가격, 높은 환율의 ""세 가지 높음""이 장기적인 경제 상태가 될 가능성에 대한 우려를 불러일으키고 있습니다.",9,10,10,9,9.5,9,10,7,8,8.5,"한국 내 주요 물가 변화에 대한 개요는 다음과 같습니다: 인플레이션이 높아져서 소비자물가가 상승하고, 과일가격도 상승하며 국제유가와 환율의 물가에 미치는 영향을 반영하고 있습니다. 이로 인해 물가가 상승에 대한 우려가 커지고 있으며, 서민들의 경제적 어려움이 심화되고 있습니다.",8,7,8,8,7.75,6,8,5,7,6.5
최근 휘발유 가격의 변화는?,국내 주유소의 휘발유·경유 가격이 3주 연속 상승.,"최근 휘발유 가격은 3주 연속 상승세를 보이고 있습니다. 구체적으로, 2월 둘째 주 전국 주유소에서의 휘발유 평균 판매 가격은 전주 대비 리터당 13.2원 상승한 1,609.5원으로 나타났습니다. 이러한 휘발유 가격 상승은 16주 연속 하락한 후 가격이 다시 상승하기 시작하면서, 국제유가 반등을 반영하고 있습니다. 따라서, 소비자들은 휘발유 가격의 변동성에 주의를 기울여야 하며, 국제유가의 추이를 지켜보는 것이 중요합니다.",10,7,10,9,9,8,9,10,9,9,"최근에는 휘발유 가격이 하락한 기간 이후 상승하고 있으며, 이는 국제유가의 반등과 미국 달러의 강세로 인한 것입니다.",6,6,8,7,6.75,7,4,8,6,6.25
인플레이션 둔화에 대한 정부의 전망은?,정부는 소비자물가 상승률이 이달과 다음 달에 3%대에 진입할 것으로 전망.,"인플레이션 둔화에 대한 정부의 구체적인 전망은 명시되지 않았습니다. 그러나 일반적으로 정부는 인플레이션을 관리하고 경제 안정을 유지하기 위해 다양한 정책을 시행합니다. 이러한 정책은 통화 정책 조정, 재정 정책, 그리고 공급망 개선 등을 포함할 수 있습니다. 정부는 인플레이션 둔화를 위해 경제 상황을 면밀히 모니터링하며 필요한 조치를 취할 것입니다. 그러나 인플레이션 전망은 국내외 경제 상황, 원자재 가격 변동, 환율 등 다양한 요인에 의해 영향을 받을 수 있으므로, 정부의 전망과 실제 인플레이션 경로 사이에는 차이가 발생할 수 있습니다.",6,4,5,4,4.75,8,7,7,8,7.5,정부는 인플레이션 둔화에 대한 전망에 대해 우려하고 있습니다.,6,6,5,5,5.5,8,7,5,6,6.5
미국 인플레이션 상황의 현재 상태는?,"미국은 인플레이션 둔화의 마지막 단계에서 어려움을 겪으며, 소비자물가지수와 도매물가지수가 시장 예상치를 넘어섬.","미국의 현재 인플레이션 상황은 소비자 가격 지수(CPI)가 지난달 3.1% 상승하여 시장 예상치인 2.9%를 초과했습니다. 또한, 도매 가격을 반영하는 생산자 가격 지수(PPI)는 월간 0.3%, 연간 0.9% 증가하여 모두 시장 예측을 상회했습니다. 이는 강력한 고용 시장이 임금을 상승시키고, 결과적으로 서비스 가격을 끌어올리는 등의 요인으로 인해 인플레이션이 기대했던 것처럼 둔화되지 않고 있음을 나타냅니다. 이러한 상황은 지속적인 높은 인플레이션에 기여하고 있습니다.",8,8,10,8,8.5,8,8,10,9,8.75,"미국의 현재 인플레이션 상황은 상승세를 보이고 있으며, 지난 달 소비자물가지수가 3.1% 상승하여 시장 기대를 넘어섰습니다. 또한, 도매물가를 나타내는 생산자물가지수도 전월 대비 0.3% 상승하고 작년 동월 대비 0.9% 상승하여 시장 예상을 초과했습니다. 고용 시장의 견조한 상황으로 인해 서비스 가격이 상승하고, 글로벌 공급망 압력 등이 인플레이션 압력에 기여하고 있습니다.",7,7,10,9,8.25,7,7,10,9,8.25
중동 리스크가 물가 상승에 미치는 영향은?,중동 리스크 장기화가 인플레이션 상승 위험을 높일 수 있음.,"중동 리스크의 지속은 올해 상반기에 인플레이션 둔화 추세가 상승세로 전환될 수 있는 불확실성에 기여하고 있습니다. 이는 부분적으로 러시아-우크라이나 갈등과 홍해 사건 이후 지난해 5월부터 상승 곡선을 그리고 있는 글로벌 공급망 압력 지수(GSCPI)가 글로벌 공급망 상황을 모니터링하기 때문입니다. GSCPI의 움직임은 글로벌 공급망 악화가 완화되고 있을 수는 있지만, 지속되는 지정학적 긴장이 미국의 인플레이션율에 상승 압력을 가할 수 있음을 시사합니다. GSCPI 변화와 인플레이션에 미치는 영향 사이에는 약 9개월의 시차가 있습니다. 따라서, 중동 리스크와 같은 지정학적 긴장은 인플레이션 상승 압력을 가할 수 있는 중요한 요인 중 하나로 간주됩니다.",8,9,10,9,9,8,7,7,8,7.5,중동 리스크는 물가 상승에 기여하고 있습니다.,5,5,5,5,5,8,7,5,7,6.75
한국 금리 정책의 현재 전망은?,"한국은행이 금리 인하 기대를 차단할 가능성이 커지며, 금리 인하 시점이 하반기로 밀릴 수 있음.","한국 금리 정책의 현재 전망은 높은 금리가 장기화될 가능성을 시사하고 있습니다. 이러한 관점은 농산물 가격의 지속적인 상승과 국제유가의 반등 등 여러 경제적 요인에 의해 영향을 받으며, 이는 인플레이션 압력에 기여합니다. 또한, 미국의 강력한 고용 지표와 끈질기게 높은 서비스 가격을 특징으로 하는 글로벌 경제 환경은 상황을 더욱 복잡하게 만듭니다. 이러한 조건들은 미국 연방준비제도의 금리 인하 예상이 지연되어 달러가 강세를 보이는 결과를 초래했습니다. 따라서, 한국은 높은 금리, 높은 가격, 높은 환율의 도전에 직면해 있으며, 이러한 조건들이 장기간 지속될 가능성에 대한 우려가 있습니다.",6,7,6,5,6,8,7,6,7,7,"한국의 금리 정책의 현재 전망은 지속적으로 높은 인플레이션, 국제유가의 장기적인 상승, 그리고 대한민국 원화와 미국 달러 간의 동시 상승과 같은 요인들에 영향을 받고 있습니다. 이러한 요인들은 앞으로의 국가의 금리 정책 결정과정에 영향을 미칠 것으로 예상됩니다.",7,5,7,7,6.5,6,5,7,7,6.25
,,,,,,,,,,,,,,,,,,,,,,,
simple_Q,,,,,,,,,,,,,,,,,,,,,,,
.,simple_Q_ans,ldcc_ans,,,,,,,,,,,llama_ans,,,,,,,,,,
과일 가격 상승이 인플레이션에 미치는 영향은?,과일 가격 상승이 전체 인플레이션의 약 7분의 1을 차지하여 중요한 요소임.,"과일 가격 이 인플레이 션에 미치는  영향은 과일이 소비자들의  식료품 지출에 큰 비중을  차지하기  때문에  소비 자물가 상승에 큰 요인으로  작용 할 수 있다 . 통계청에  따르면  지난 달 소비 자물가지 수 상승 에 과실 부문 이 0.4%포인트 의 기여도를  보였는데, 이는  2011년 1월(0.4%포인트 ) 이후  최대치였다 . 과일 가격 이 계속 오르 면 전체  인플레이 션 상승 에 기여할 가능성이  높 다. 따라 서 과일 가격 의 안정 을 위한  정책 적 노력이  필요할 것으로  보인다 . The 2018–19 season was the 118th season in the existence of Real Madrid and the club's 87th consecutive season in the top flight of Spanish",5,3,7,6,5.25,2,1,2,1,1.5,"귤값 2배 뛰고 휘발유값 꿈틀 ... 발목 잡힌 인플레 둔화, 고금리 길어지나.txt

귤값 2배 뛰고 휘발유값 꿈틀 ... 발목 잡힌 인플레 둔화, 고금리 길어지나
명절 지나도 농산물 가격 고공행진 ... 휘발유 가격도 상승 반전
국제유가·환율 동반 상승에 “이달 물가상승률 3%대” 전망
美 ‘끈적한 서비스 물가’에 금리 인하 3월 → 6월로
고금리·고물가·고환율 ‘3고’ 장기화하나

과일 가격 상승은 인플레이션에 여러 가지 영향을 미칩니다. 첫째, 과일 가격 상승은 식료품 가격 상승으로 이어져 소비자 물가 상승에 기여합니다. 둘째, 과일 가격 상승은 농산물 가격 상승으로 이어져 전반적인 식품 가격 상승으로 이어집니다. 셋째, 과일 가격 상승은 원재료 가격 상승으로 이어져 다른 제품의 가격 상승으로 이어집니다. 넷째, 과일 가격 상승은 원화 약세로 이어져 수입품 가격 상승으로 이어져 소비자 물가 상승에 기여합니다. 다섯째, 과일 가격 상승은 전반적인 물가 상승으로 이어져",3,4,4,3,3.5,4,3,3,3,3.25
명절 이후 농산물 가격은 어떻게 변화하고 있는가?,명절 이후에도 농산물 가격이 계속해서 상승하고 있음.,"명절 이 지나 도 농산물  가격 은 여전히  고공행진 중이다 . 통계청에  따르면  지난  1월 소비 자물가 상승률 의 기여도 1위를  차지한 것은 과일(0.4%포인트 )이었다 . 과일 가격 은 지난 해 12월 대비  17.4% 올랐다 . 귤 은 평년 대비  두배 이상 에 달하는  1만 원대까지  오르기도  했다 . 채소도 1월 소비 자물가 상승률 의 기여도가  0.2%포인트 에 달했다 . 시금치 한 단은 4000원, 애호박 한 개는 3000원, 대파 한 봉 은 5000원이 다.

이처럼  농산물 이 물가 상승 을 주도하는  데 국제유가 와 원·달러  환율 의 동반",7,2,2,3,3.5,2,2,3,2,2.25,"귤값 2배 뛰고 휘발유값 꿈틀 ... 발목 잡힌 인플레 둔화, 고금리 길어지나.txt

명절 이후 농산물 가격은 상승세를 이어가고 있습니다. 통계청 국가통계포털(KOSIS) 자료에 따르면 지난 1월 소비자물가에서 '과실'의 기여도는 0.4%포인트로, 2011년 1월(0.4%p) 이후로 13년 만에 최대치를 기록했습니다. 1월 물가상승률(2.8%) 가운데 과일만으로 전체 인플레이션의 7분의 1을 끌어올렸습니다.",7,4,7,5,5.75,7,6,7,6,6.5
국제유가와 환율 상승이 물가 상승에 미치는 영향은?,국제유가와 환율 상승으로 인해 물가상승률이 3%대에 이를 것으로 전망됨.,"국제유가 와 환율  상승 은 수입 물 가격 이 오르 게 돼  소비 자물가에  반영되는  요인이  된다 . 한국은행 에 따르면  국제유가 와 원·달러  환율  상승 의 영향으로  지난 달 수입 물가지수는  전월 대비  2.2% 올라 3개월  만에  상승  전환했다 . 수입 물가지수는  1~3개월 의 시차를  두고  소비 자물가에  반영된다 .

이러한 상황에서  미국 의 인플레이 션 둔화에  대한  기대감이  약해지면서  미국  중앙은행(Fed)이 금리  인하 시기 를 연기할 것이라는  분위기 가 형성되고  있다 . 미국  노동부가  발표 한 지난 달 소비 자 물가지 수(CPI)는 1년 전보다  6.5% 올라 11월(7.3%)과 12월(",6,3,6,4,4.75,3,3,3,2,2.75,1. 국제유가와 환율 상승은 수입 물가에 영향을 미쳐 국내 소비자 물가에 반영됩니다. 2. 수입 물가 상승은 국내 생산자 및 소비자 물가 상승으로 이어집니다. 3. 국제유가와 환율 상승은 수입 물가 상승으로 이어져 국내 소비자 물가 상승을 더욱 가속화합니다. 4. 이러한 인플레이션 압력은 중앙은행이 인플레이션을 억제하기 위해 금리를 인상하는 요인이 됩니다.,6,7,4,6,5.75,8,7,6,7,7
미국 금리 인하 시기가 미뤄진 이유는?,미국에서 서비스 물가 상승 지속으로 금리 인하 시기가 3월에서 6월로 미뤄짐.,미국  중앙은행 (Fed)은 지난 달 금리 를 0.25%포인트   올린 데 이어  이달에도  0.25%포인트   추가  인상을  결정했다 . 하지만  이달 회의에서  금리  인하 시기 에 대한  언급을 빼 고 대신  ‘인플레 가속화 추세 가 뚜렷하다 ’고 강조한 데 따라 금리  인하 시기 가 미뤄 질 것이라는  전망이  나왔다 . 이는  미국 의 서비스 업 부문 의 인플레이 션이 예상보다  높 은 것으로  나타났 기 때문이 다. 미국  노동부가  발표 한 지난 달 서비스 업 생산 자 물가지수는  1년 전보다  6.2% 올라 시장 예상치(5.4%)를 뛰 어넘었다 . 서비스 업은 미국 의 경제 에서 가장  큰 비중을,4,4,4,3,3.75,4,3,4,3,3.5,1. 국제유가와 원·달러 환율의 동반 상승으로 인플레이션이 다시 상승할 수 있다는 우려 2. 1월 소비자물가에서 과일 기여도가 0.4%p로 13년 만에 최대치를 기록하는 등 농산물 가격의 고공행진 3. 2월 소비자물가 상승률이 3%대로 예상되는 등 인플레이션 둔화 속도가 느려질 수 있다는 우려 4. 美 서비스 물가 상승률이 6.2%로 40년 만에 최고치를 기록하는 등 서비스 물가의 지속적인 상승 5. 이러한 요인으로 인해 미국 연방준비제도(Fed)가 인플레이션을 억제하기 위해 금리를 인하하는 시기가 3월에서 6월로 미뤄졌습니다.,6,8,8,7,7.25,7,7,7,7,7
한국 내 주요 물가 변화에 대한 개요는?,"감귤, 사과, 배 등 과일 가격 크게 상승.","한국 내 주요 물가 변화 에 대한  개요는 다음과  같습니다 .

1. 국제 유가 가 반등하며  국내  주유소 휘 발유·경유 주간  평균  판매  가격 이 3주째 올랐다 . 17일 한국 석유공사  유가정보시스템  오피넷 에 따르면  2월 둘 째 주(11∼15일) 전국  주유소 휘 발유 평균  판매가는  직전 주보다  L당 13.2원 오른  1천609.5원이었다 .

2. 국제 유가 와 원·달러  환율 의 동반 상승 은 둔 화하던  인플레이션을  다시  자극하는  요인이다 . 달러 인덱스는  지난 해 말 100선까지  하락 한 뒤  이달 중순 104선까지  오르 며 원·달러  환율은  지난 해 말",2,4,1,2,2.25,3,4,3,3,3.25,"귤값 2배 뛰고 휘발유값 꿈틀 ... 발목 잡힌 인플레 둔화, 고금리 길어지나.txt

한국 내 주요 물가 변화에 대한 개요는 다음과 같습니다:

1. 농산물 가격 상승: 명절 이후에도 농산물 가격이 고공행진하고 있습니다.
2. 휘발유 가격 상승: 국제유가와 원·달러 환율의 동반 상승으로 인해 휘발유 가격도 상승세로 돌아섰습니다.
3. 인플레이션 둔화: 그러나 국제유가와 원·달러 환율의 상승으로 인해 인플레이션이 둔화되는 속도가 느려지고 있습니다.
4. 금리 인상 전망: 이러한 인플레이션 둔화로 인해 미국 연방준비제도(Fed)는 금리 인상 속도를 늦출 것으로 예상됩니다.
5. 고금리, 고물가, 고환율의 장기화 가능성: 인플레이션 둔화가 느려지고 금리 인상 속도가 늦춰지면서 고금리, 고물가, 고환율의 장기화가 우려되고 있습니다.",9,8,10,7,8.5,7,8,10,8,8.25
최근 휘발유 가격의 변화는?,국내 주유소의 휘발유·경유 가격이 3주 연속 상승.,"최근  휘 발유 가격 은 하락하던  추세에서  다시  상승 세로  돌아섰다 . 한국 석유공사  오피넷 에 따르면  전국  주유소 평균  휘 발유 판매가격 은 지난 달 넷 째주 리터당 1563.7원에서  이달 둘 째주 1609.5원으로  45.8원(2.9%) 올랐다 . 휘 발유 판매  가격 은 지난 달 넷 째주까지  16주 연속  하락 한 뒤  3주 연속  상승했다 . 휘 발유 가격 은 단기간  내에  국제 유가 와 원·달러  환율 의 변동에  반영될 것으로  보인다 .

국제 유가 와 원·달러  환율 의 동반 상승 은 둔 화하던  인플레이션을  다시  자극하는  요인이다 . 달러 인덱스는  지난 해 말 10",5,4,3,4,4,5,3,2,2,3,17일 한국석유공사 유가정보시스템 오피넷에 따르면 2월 둘째 주(11∼15일) 전국 주유소 휘발유 평균 판매가는 직전 주보다 L당 13.2원 오른 1천609.5원이었습니다. 휘발유 가격은 지난달 넷째주까지 16주 연속 하락했지만 3주 연속 상승했습니다.,5,5,7,6,5.75,7,5,5,7,6
인플레이션 둔화에 대한 정부의 전망은?,정부는 소비자물가 상승률이 이달과 다음 달에 3%대에 진입할 것으로 전망.,기사 에 따르면  국제유가 와 원·달러  환율 의 동반 상승 에 “이달 물가상승률  3%대” 전망 이 나왔다 . 하지만  미국 의 경우 서비스 물가 상승 이 이어지면서  금리 인하 시기 가 3월에서  6월로 늦춰진 것으로  알려졌다 . 따라 서 국내에서도  인플레이 션 둔화에  대한  정부의  전망 이 달라질 가능성이  있다 . 하지만  정부는  인플레이 션 둔화에  대한  전망 을 밝힌  바 있으므로  정확한 상황 은 정부 의 공식  발표 를 기다려봐야  할 것입니다 .,7,5,7,6,6.25,6,,5,4,5,"1. 인플레이션 둔화에 대한 정부의 전망은 현재 인플레이션이 둔화되고 있지만, 여전히 높은 수준을 유지하고 있기 때문에 당분간 높은 인플레이션이 지속될 것으로 예상하고 있습니다. 정부는 인플레이션을 완화하기 위해 금리 인상과 재정 건전성 유지 등 다양한 정책을 시행하고 있습니다. 그러나 우크라이나 전쟁과 공급망 차질, 에너지 가격 상승 등 인플레이션을 자극하는 요인이 여전히 남아있어 인플레이션이 완전히 완화되기까지는 시간이 걸릴 것으로 예상하고 있습니다.",6,6,7,7,6.5,5,5,7,6,5.75
미국 인플레이션 상황의 현재 상태는?,"미국은 인플레이션 둔화의 마지막 단계에서 어려움을 겪으며, 소비자물가지수와 도매물가지수가 시장 예상치를 넘어섬.","미국  인플레이션은  2022년 6월 이후  둔화되고  있는  추세이다 . 미국  노동통계 국(BLS)에 따르면  지난 달 미국  소비 자물가 상승률은  6.5%로 6개월 째 연속  둔 화했다 . 하지만  이는  여전히  높 은 수준이며 , 연방준비제도이사 회(Fed)의 2% 인플레이 션 타깃 을 크게 웃돈 다. 전문가들은  미국  인플레이 션이 여전히  높 은 수준이고 , 연준이 추가  금리  인상을  통해 인플레이션을  잡 아내겠다는  의지를  강조한 다며 금리  인상 여지가  여전하다고  보고  있다 . 따라 서 미국  인플레이 션이 완전히  잡힐  때까지  고금리  기조가  이어질 가능성이  있다 . 하지만  최근 의 인플레이 션 둔화 추세 는 긍 정적인",6,4,5,4,4.75,6,4,4,4,4.5,"美 인플레이션 상황의 현재 상태는 둔화 속도가 느려지고 있으며, 국제유가와 원·달러 환율의 동반 상승으로 인해 3%대의 인플레이션이 예상되는 등 인플레이션이 다시 상승할 가능성이 있습니다.",5,6,7,7,6.25,7,6,7,7,6.75
중동 리스크가 물가 상승에 미치는 영향은?,중동 리스크 장기화가 인플레이션 상승 위험을 높일 수 있음.,"기사 에 따르면 서 중동 리스크가  물가 상승 에 미치는  영향에 대한  정확한 답은 알 수 없습니다 . 기사 는 국제 유가 와 원·달러  환율 의 동반 상승 이 인플레이션을  다시  자극하고  있다 고 언급하고  있으나 , 이러한 상승 이 중동 리스크로  인한  것인지 는 명시되어  있지 않습니다 .",4,3,5,2,3.5,6,5,4,6,5.25,"1단계: 중동 리스크의 정의 이해
중동 리스크는 중동 지역의 지정학적 불안정, 정치적 분쟁, 테러리즘, 석유 공급에 대한 위협 등 중동 지역에서 발생하는 사건이나 사건이 경제에 미치는 영향을 의미합니다.

2단계: 중동 리스크가 물가 상승에 미치는 영향 분석
중동 리스크는 석유 공급에 대한 위협으로 인해 석유 가격 상승으로 이어질 수 있습니다. 석유는 다양한 산업의 원료이자 운송 연료이므로 석유 가격이 상승하면 다른 상품의 가격도 상승할 수 있습니다. 또한 중동 지역의 불안정성은 투자자들의 투자 심리를 위축시켜 금융 시장에 영향을 미칠 수 있으며, 이는 다시 물가 상승으로 이어질 수 있습니다.

3단계: 중동 리스크가 물가 상승에 미치는 영향의 예시
중동 리스크가 물가 상승에 미치는 영향은 2020년 코로나19 팬데믹 당시에 잘 나타났습니다. 당시 중동 지역의 불안정성과 석유 공급에 대한 위협으로 인해 석유 가격이 상승했고, 이는 다른 상품의 가격 상승으로 이어졌습니다. 또한 금융 시장의 불안정으로 인해 투자 심리가 위축되어 주식과 채권 가격이 하락했고, 이는 다시 물가 상승으로 이어졌습니다.

4단계: 중동 리스크가 물가 상승에 미치는 영향의 장기적 영향
중동 리스크가 물가 상승에 미치는 영향은 단기적으로 발생할",6,7,9,8,7.5,5,7,8,7,6.75
한국 금리 정책의 현재 전망은?,"한국은행이 금리 인하 기대를 차단할 가능성이 커지며, 금리 인하 시점이 하반기로 밀릴 수 있음.","기사 에 따르면  ""미국  ‘끈적한  서비스  물가’에 금리  인하 3월 → 6월로""라는  문구가  있는 것을  볼  때, 한국 의 금리 인하 전망 은 3월이 아닌  6월로 늦춰 질 가능성이  있는 것으로  보인다 . 그러나  이는  기사 에 따른 전망 일 뿐이며 , 한국은행 의 공식  입장은 아닌  것으로  보인다 . 따라 서 궁 금한 점이  더 있다 면 한국은행 의 공식  발표 나 자료를  참고하는  것이  좋을 것입니다 .",6,4,6,5,5.25,7,4,4,5,5,"한국의 금리 정책 전망은 현재 인플레이션이 둔화되고 있지만 여전히 높은 수준을 유지하고 있기 때문에 당분간 고금리 정책이 유지될 것으로 예상됩니다. 한국은행의 목표는 물가 안정이기 때문에 인플레이션이 목표치인 2%로 안정될 때까지 금리 인상을 계속할 것으로 예상됩니다. 그러나 국제 유가와 환율의 변동성, 우크라이나 전쟁과 같은 지정학적 리스크, 글로벌 경기 둔화 등 다양한 요인이 금리 결정에 영향을 미칠 수 있습니다. 따라서 금리 정책은 이러한 요인에 따라 변경될 수 있습니다.",5,6,8,7,6.5,7,7,8,7,7.25
,,,,,,,,,,,,,,,,,,,,,,,
advanced_Q_gpt_models_comparison (2),,,,,,,,,,,,,,,,,,,,,,,
.,advanced_Q_ans,GPT-4 Turbo,,,,,average_acc_gpt4t&ldcc_2,,,,,average_korean_gpt4t&ldcc_2,GPT-3.5 Turbo,,,,,average_acc_gpt35t&llama_2,,,,,average_korean_gpt35t&llama_2
가계부채가 한국 경제에 미치는 영향에 대해 설명하세요.,"가계부채 증가는 개인의 소비를 억제하고, 금리 상승 시 이자 부담 증가로 이어져 가계 파산 위험을 높이며, 결국 한국 경제의 성장 잠재력을 저하시킬 수 있습니다.","한국 경제에 미치는 가계부채의 영향은 상당히 중대하며 여러 가지 측면이 있습니다. 우선, 가계부채가 약 1845조 원에 달해 GDP의 108%에 이르는 것은 가계가 부채를 감당하기 위해 수입이 부족한 상황에 처해 있음을 나타냅니다. 이러한 불균형은 많은 개인이 추가 부채 없이 재정적 의무를 관리할 수 없어 부채 상황을 악화시키는 대출의 순환을 초래합니다.

둘째, 가계부채의 증가는 생활비와 대출 이자율이 상승하는 가운데 소득 수준이 정체된 상태에서 은행 대출을 상환할 수 없는 소규모 사업주와 자영업자의 증가와 연결되어 있습니다. 이 상황은 기록적인 채무 불이행과 금융 기관이 이러한 소규모 사업주를 대신해 대출을 처리하는 상황으로 이어져 이 부문 내에서 금융 불안정이 커지고 있음을 나타냅니다.

게다가, 인천, 부산, 광주와 같은 도시에서 가계부채 증가의 지역적 차이는 다양한 지역에서 경제적 압박이 불균등하게 나타나고 있음을 강조합니다. 특히 인천은 임대 사기의 가장 높은 발생률과 심각한 역임대 상황으로 추가적인 도전에 직면하여 주민들의 재정적 안정성을 더욱 악화시킵니다.

전반적인 경제적 영향은 부채 위기를 해결하기 위한 조치가 취해지지 않을 경우 증가된 사회적 위험과 더 깊은 경제 침체의 가능성에 의해 더욱 심화됩니다. 이 상황은 가계와 소규모 사업주의 부채 부담을 완화하기 위한 정부의 목표 지향적 개입이 필요함을 시사하며, 이러한 조치 없이는 한국의 경제적 및 사회적 구조가 심각한 압박을 받을 수 있음을 나타냅니다.",9,8,8,8,8.25,9,8,10,9,9,"가계부채가 한국 경제에 미치는 영향은 상당히 중요합니다. 가계부채의 증가로 인해 가계는 소득만으로 부채를 상환하기 어려운 상황에 이르고 있습니다. 이는 소상공인과 개인의 파산 증가로 이어져 심각한 경제 위험을 초래하고 있습니다. 또한, 증가하는 가계부채는 소비자 신뢰도의 하락과 경제 불안정성 감소에 기여하며, 경제 침체를 야기할 수 있습니다.",6,5,5,6,5.5,9,5,6,7,6.75
코로나19 이후 소상공인의 경제 상황 변화는 어떠한가요?,"코로나19 이후 소상공인은 매출 감소와 빚 증가로 인해 경제적 어려움을 겪고 있으며, 이로 인한 디폴트(채무불이행) 소상공인이 증가하고 있습니다.","코로나19 이후 소상공인의 경제 상황은 악화되었습니다. 팬데믹이 종료되었음에도 불구하고 소상공인들은 코로나19 이전 수준으로 수입 수준이 회복되지 않았습니다. 또한, 수입 증가 없이 대출 만기일이 다가오는 도전에 직면하여, 팬데믹 기간보다 현재 상황이 더 어려워졌습니다. 기존 부채를 상환하기 위해 새로운 부채를 지는 소상공인의 수가 450만 명을 넘어서, 상당한 재정적 부담을 나타냅니다. 또한, 2020년 4월에 처음 도입된 대출 만기 연장 및 상환 유예와 같은 정부 지원 조치의 효과가 시간이 지남에 따라 감소하였으며, 다중 부채를 가진 소상공인의 총 대출 잔액이 사상 최고치에 도달하여 모든 소상공인 대출의 71.3%를 차지했습니다. 이로 인해 소상공인에 대한 재정적 부담이 증가하였으며, 대출 이자율이 0.25%포인트 증가할 경우 총 이자 및 개인별 평균 연간 이자가 상승할 것으로 추정됩니다.",10,9,10,9,9.5,8,8,10,9,8.75,"코로나19 이후 소상공인의 경제 상황은 더 어려워졌습니다. 소상공인들의 소득 수준은 코로나19 이전 수준으로 회복되지 않았고, 대출 만기일은 다가오는데 소득은 제자리인 상황입니다. 또한, 코로나19 시기보다 현재 상황이 소상공인들에게 더 어렵다고 할 수 있습니다.",8,7,7,7,7.25,8,7,8,7,7.5
부자증세가 정부 재정과 소상공인 지원에 어떻게 영향을 미칠까요?,부자증세를 통한 추가 재정 확보는 정부와 지자체가 소상공인 지원과 같은 사회 안전망 강화에 필요한 재원을 마련하는 데 도움이 될 수 있습니다.,"부자증세는 정부에 추가적인 수입을 제공하여, 이를 소상공인 및 자영업자 지원에 할당할 수 있습니다. 이 추가 자금은 부채 상환에 어려움을 겪고 있는 소상공인을 위한 부채 탕감 프로그램을 시행하고 파산 면제 조치를 가속화하는 데 사용될 수 있습니다. 이러한 사업체에 대한 재정적 부담을 줄임으로써 정부는 경제를 안정시키고 광범위한 사업 실패와 관련된 사회적 위험을 완화할 수 있습니다. 또한, 이러한 접근 방식은 부의 더 공평한 분배에 기여하고 인구의 다양한 부문 간 경제적 격차를 줄일 수 있습니다.",9,8,10,9,9,7,8,8,8,7.75,"부자증세가 정부 재정에 미치는 영향은 부자들로부터 세금을 추가로 걷어내어 정부의 수입을 증가시키는 것을 의미합니다. 이로 인해 정부는 추가적인 사회복지 및 경제지원 등을 할 수 있으며, 이는 경제적으로 부담을 받는 국민들에 대한 지원 및 경제 정책을 강화하는데 도움이 될 것입니다.

부자증세로 인한 국내 소상공인의 경우 소득이 감소하고, 이로 인해 경영지원이 부족해지며, 부자들의 세금으로 인해 정부의 예산이 증가하면서 소상공인들에 대한 지원이 줄어들고, 부자들로부터 세금을 추가로 걷어내어 정부의 재정이 증가하면서 소상공인들에 대한 지원이 더 어려워질 수 있습니다.",4,5,3,4,4,7,6,5,6,6
은행 대출금리 상승이 소상공인에게 미치는 영향은 무엇인가요?,"은행 대출금리 상승은 소상공인의 대출 이자 부담을 증가시켜 재정적 어려움을 가중시키며, 이는 사업 유지와 확장에 부정적인 영향을 미칠 수 있습니다.","은행 대출금리 상승은 소상공인에게 여러 가지 영향을 미칩니다. 이 중 하나는 은행 부채를 상환할 수 없는 소상공인의 수가 증가하는 것입니다. 이 상황은 경제 침체와 소비자 지출의 축소로 인해 악화되어, 소상공인 사이에서 채무 불이행이 크게 증가하였습니다. 결과적으로, 금융 기관과 신용보증기금이 이러한 소상공인을 대신해 대출 상환을 처리해야 했으며, 이는 이 부문 내에서 재정적 부담이 커지고 있음을 나타냅니다.",8,9,8,8,8.25,8,7,10,8,8.25,"은행 대출금리 상승은 소상공인에게 빚 상환 부담을 더욱 가중시킬 수 있습니다. 소상공인들이 대출금리 상승으로 인해 빚을 갚지 못하게 되면 '디폴트' 상황이 발생할 수 있으며, 이는 경제적 위험으로 이어질 수 있습니다.",9,8,7,7,7.75,9,7,7,7,7.5
가계부채 증가가 개인과 지역 경제에 끼치는 장단기적 영향은 무엇인가요?,"가계부채 증가는 단기적으로는 생활비 마련을 위한 대출 의존도를 높이지만, 장기적으로는 과도한 부채로 인한 이자 부담 증가, 신용 등급 하락, 경제 활동 위축 등을 초래할 수 있으며, 지역 경제에도 소비 감소, 투자 위축 등 부정적인 영향을 미칠 수 있습니다.","가계부채 증가가 개인과 지역 경제에 미치는 단기적 영향으로는 가계의 재정적 스트레스가 증가하여 소비 지출이 감소하는 것을 들 수 있습니다. 이러한 지출 감소는 기업의 수익 감소로 이어져 해고나 채용 축소로 이어질 수 있으며, 경제 성장이 둔화될 수 있습니다. 특히 인천과 같이 임대 사기와 역임대 상황이 만연한 지역의 지역 경제에는 가계부채 증가가 경제적 불균형을 심화시키고 지역 경제 위기의 위험을 깊게 할 수 있습니다.

장기적으로는 가계부채의 증가가 주택 소유자와 소상공인 사이에서 채무 불이행과 파산의 증가로 이어질 수 있습니다. 이는 지역 경제에 연쇄적인 영향을 미쳐 실업률 증가와 전반적인 경제 안정성 감소로 이어질 수 있습니다. 증가된 재정적 불안정성은 지역에 대한 투자를 저해하여 경제 성장을 더욱 억제할 수 있습니다. 또한, 가계부채가 증가함에 따라 심각한 경제 침체의 가능성이 커지며, 이는 광범위한 사회적 및 경제적 도전을 포함하여 경제 침체를 심화시킬 수 있습니다.",8,7,10,8,8.25,9,8,10,8,8.75,"가계부채 증가는 장기적으로는 가계의 경제적 불안정성을 증가시키고 개인의 소비 능력을 제약할 수 있으며, 지역 경제에는 부동산 시장 등에서의 불안정성을 초래할 수 있습니다. 단기적으로는 가계의 소비 감소로 인한 경기 위축과 소비자 심리 악화로 이어질 수 있습니다.",8,6,7,7,7,9,8,7,7,7.75
,,,,,,,,,,,,,,,,,,,,,,,
advanced_Q_local_models_comparison,,,,,,,,,,,,,,,,,,,,,,,
.,advanced_Q_ans,ldcc_ans,,,,,,,,,,,llama_ans,,,,,,,,,,
가계부채가 한국 경제에 미치는 영향에 대해 설명하세요.,"가계부채 증가는 개인의 소비를 억제하고, 금리 상승 시 이자 부담 증가로 이어져 가계 파산 위험을 높이며, 결국 한국 경제의 성장 잠재력을 저하시킬 수 있습니다.","가계부채가 한국 의 경제 에 미치는  영향은 매우 심각합니다 . 가계부채가 증가할수 록 가계들은  소비 를 줄이고  저축 을 늘려야  합니다 . 이는  소비 가 국내 총생산 (GDP)의 약 60%를 차지하기  때문에  경제 의 성장 을 저해합니다 . 또한  가계들이  대출 을 갚 기 위해  이자 를 지불해야  하기  때문에 , 가계 소득 의 일부가  소비 에 사용되지  못하고  대출 을 갚 는 데 사용됩니다 . 이는  가계들의  생활 의 질을  떨 어뜨리고  경제 의 불평등 을 악 화시킬  수 있습니다 . 또한 가계부채가 너무  많 이 증가하면  은행 이 대출 을 꺼 려 대출 이 제한되고  이는  경제 의 성장 을 더욱  저",4,4,3,,3.66666666666667,4,4,3,2,3.25,"1단계: 가계부채의 정의와 규모 이해
가계부채는 개인이 은행이나 기타 금융기관에서 빌린 돈을 의미합니다. 가계부채는 한국 경제에서 중요한 요소 중 하나로, 가계부채가 증가하면 소비와 투자에 영향을 미치고 경제 성장에 영향을 미칩니다.

2단계: 가계부채가 한국 경제에 미치는 영향 분석
가계부채가 증가하면 소비와 투자가 증가하여 경제 성장에 기여합니다. 그러나 부채가 과도하게 증가하면 가계의 부채 상환 능력이 감소하여 소비와 투자가 감소하고 경제 성장이 둔화됩니다. 또한, 가계부채가 증가하면 금융 시스템의 안정성이 감소하고 금융 기관이 대출을 회수할 때 경제 전반에 영향을 미칠 수 있습니다.

3단계: 가계부채가 한국 경제에 미치는 부정적인 영향
가계부채가 과도하게 증가하면 소비와 투자가 감소하여 경제 성장이 둔화됩니다. 또한, 가계부채가 증가하면 금융 시스템의 안정성이 감소하고 금융 기관이 대출을 회수할 때 경제 전반에 영향을 미칠 수 있습니다.

4단계: 가계부채가 한국 경제에 미치는 긍정적인 영향
가계부채가 증가하면 소비와 투자가 증가하여 경제 성장에 기여합니다. 또한, 가계부채는 은행과 기타 금융",3,5,6,5,4.75,4,6,8,6,6
코로나19 이후 소상공인의 경제 상황 변화는 어떠한가요?,"코로나19 이후 소상공인은 매출 감소와 빚 증가로 인해 경제적 어려움을 겪고 있으며, 이로 인한 디폴트(채무불이행) 소상공인이 증가하고 있습니다.","코로나 19 이후  소상공인의  경제 상황 은 악 화됐다 . 경기침 과 소비심리 의 위축 이 이어지면서 소상공인의 소득 은 이전으로  회복하지 못하고 있고 은행 대출금리 는 계속 오르 고 있다 . 그 결과  '디폴트(채무불이행)' 소상공인이 급증하고 있다 . 한국은행 의 집계에 따르면 2023년 9월 기준 인천 의 가계부채 총액은  108조1499억원이다 . 이중 주택담보대출 은 45조2306억원이다 . 문제 는 인천 이 인구대비  전세사기  피해 가 가장 많 이 발생 한 지역이고 , 역전세가  가장 심한  지역이라는  점이 다. 주택담보대출  만기 연장 시 가계부채는 더욱  늘어날  전망이 며, 가계부채가",3,3,3,3,3,4,3,3,2,3,"COVID-19 이후 소상공인의 경제 상황은 악화되었습니다. 매출 감소와 물가 상승으로 인한 비용 증가로 인해 많은 소상공인이 빚을 내서 빚을 갚아야 했습니다. 또한, 은행 대출금리가 상승하면서 빚을 갚지 못하는 소상공인이 증가하고 있습니다. 이러한 상황은 가계부채 증가로 이어져 한국 경제의 뇌관이 되고 있습니다.",7,4,9,7,6.75,7,,10,8,8.33333333333333
부자증세가 정부 재정과 소상공인 지원에 어떻게 영향을 미칠까요?,부자증세를 통한 추가 재정 확보는 정부와 지자체가 소상공인 지원과 같은 사회 안전망 강화에 필요한 재원을 마련하는 데 도움이 될 수 있습니다.,"부자증세는  정부 에 추가 적인 세입을 확보할 수 있어  재정 을 강화할 수 있는  측면이  있다 . 그러나  부자증세는  부정적 인식 이 있을 수 있고  부자들의  투자 와 소비 를 저해할 수 있어  경제 에 부정적 영향을  미칠  수 있다 . 따라 서 부자증세의  실제 효과 와 부정적 영향은 세제 설계 와 구현 방식 에 따라  달라 질 수 있다 .

소상공 인 지원 에 대한  영향은 부자증세의  세입이 어떻 게 사용되는 지에 따라  달라 질 수 있다 . 부자증세가  소상공 인 지원 을 위한  재정 을 확충하는  데 사용된다면  소상공 인 지원 에 긍 정적인  영향을  미칠  수 있다 . 그러나  ",1,3,3,1,2,3,4,3,2,3,"100대 기업 잉여금만 1000조 부자증세로 가계부채 덜자.txt

부자증세는 정부 재정과 소상공인 지원에 여러 가지 영향을 미칠 수 있습니다.

1. 정부 재정: 부자증세는 대기업의 잉여금을 활용하여 정부 재정을 확충하는 데 도움이 될 수 있습니다. 대기업의 잉여금이 증가하면 정부는 더 많은 세금을 거둘 수 있고, 이를 통해 사회복지, 교육, 인프라 등 다양한 분야에 대한 투자를 늘릴 수 있습니다.

2. 소상공인 지원: 부자증세는 대기업의 잉여금을 활용하여 소상공인에게 대출을 제공하거나 재정 지원을 하는 데 사용할 수 있습니다. 대기업의 잉여금이 증가하면 정부는 소상공인에게 더 많은 대출을 제공할 수 있고, 소상공인에게 더 많은 재정 지원을 할 수 있습니다.

3. 경제 성장: 부자증세는 대기업의 잉여금을 활용하여 경제 성장을 촉진하는 데 도움이 될 수 있습니다. 대기업의 잉여금이 증가하면 기업은 더 많은 투자를 할 수 있고, 이는 일자리 창출과 경제 성장에 기여할 수 있습니다.

4. 사회 정의: 부자증세는 대기업의 잉여금을 활용하여 사회 정의를 증진하는 데 도움이 될 수 있습니다. 대기업의 잉여금이 증가하면 정부는 사회 복지, 교육",4,6,6,5,5.25,3,3,4,4,3.5
은행 대출금리 상승이 소상공인에게 미치는 영향은 무엇인가요?,"은행 대출금리 상승은 소상공인의 대출 이자 부담을 증가시켜 재정적 어려움을 가중시키며, 이는 사업 유지와 확장에 부정적인 영향을 미칠 수 있습니다.","대출금리 가 오르면 대출금을  갚아야  하는  비용 이 늘어나 기 때문에 . 대출금을  갚 는 데 더 많은  돈 이 들어 가면 영업 에 쓸  돈 이 줄어들 고 결국 소상공인의  소득 이 줄어들 게 된다 . 이렇게  되면  은행  빚 을 갚 지 못하는  소상공인이  늘어나 게 된다 .

대출금리 가 오르면 대출금을  갚아야  하는  비용 이 늘어나 기 때문에 . 대출금을  갚 는 데 더 많은  돈 이 들어 가면 영업 에 쓸  돈 이 줄어들 고 결국 소상공인의  소득 이 줄어들 게 된다 . 이렇게  되면  은행  빚 을 갚 지 못하는  소상공인이  늘어나 게 된다 . 대출금리 가 오르면 대출금을  갚아야  하는  비용 이 늘어나 기 때문에 .",2,4,3,3,3,3,3,3,3,3,"뱅크 대출 금리 상승은 소상공인에게 다음과 같은 영향을 미칩니다:

1. 이자 부담 증가: 은행 대출금리가 상승하면 소상공인의 이자 부담이 증가합니다. 이는 소상공인의 수익에 직접적인 영향을 미칩니다.

2. 부채 상환 능력 감소: 이자 부담이 증가하면 소상공인의 부채 상환 능력이 감소합니다. 이는 채무 불이행(디폴트)으로 이어질 수 있습니다.

3. 소비 심리 위축: 이자 부담 증가로 인해 소상공인의 소비 심리가 위축되면 매출과 수익이 감소합니다. 이는 소상공인의 부채 상환 능력에 추가적인 영향을 미칩니다.

4. 경제 전반에 미치는 영향: 소상공인 부채 상환 능력 감소는 은행의 대출 여력 감소로 이어져 경제 전반에 영향을 미칩니다. 이는 경제 성장률 저하, 실업률 증가, 소비 심리 위축으로 이어질 수 있습니다.",8,8,10,9,8.75,7,8,9,9,8.25
가계부채 증가가 개인과 지역 경제에 끼치는 장단기적 영향은 무엇인가요?,"가계부채 증가는 단기적으로는 생활비 마련을 위한 대출 의존도를 높이지만, 장기적으로는 과도한 부채로 인한 이자 부담 증가, 신용 등급 하락, 경제 활동 위축 등을 초래할 수 있으며, 지역 경제에도 소비 감소, 투자 위축 등 부정적인 영향을 미칠 수 있습니다.","가계부채 증가는  개인 과 지역  경제 에 많은  부정적인  영향을  끼친다 . 먼 저, 가계부채가 증가하면  가계들은  이자 와 원금을  갚느라  소비 를 줄이게  된다 . 이는  소비 가 경제 의 주요 성장  동력이라는  점에서  경제 의 성장 을 저해한다 .

둘 째, 가계부채가 증가하면  가계들은  소득 의 많은  부분 을 빚 을 갚는데  사용하게  되어  저축 이 줄어들 고 경제 적 불안정성이  커진다 . 이는  가계들이  예기치 않은 상황 에 대처할 능력을  약화시키고  경제 적 불안정성을  증가시킨다 .

셋 째, 가계부채가 증가하면  은행 은 대출 을 줄이기  위해  대출 의 기준 을 강화한다 . 이는  대출 이 필요한",4,3,2,3,3,4,3,2,3,3,"1단계: 질문 이해하기
질문은 가계부채 증가가 개인과 지역 경제에 미치는 장단기적 영향을 묻는 질문입니다.

2단계: 장단기 영향 분석하기
가계부채 증가의 장단기 영향은 다음과 같습니다:

장점:
1. 가계부채 증가로 인해 소비가 증가하여 지역 경제에 활력을 불어넣을 수 있습니다.
2. 가계부채 증가로 인해 은행 대출이 증가하여 지역 내 기업이나 프로젝트에 자금을 지원할 수 있습니다.

단점:
1. 가계부채 증가로 인해 이자 비용이 증가하여 가계의 소비 여력이 감소할 수 있습니다.
2. 가계부채 증가로 인해 가계의 부채 상환 능력이 감소하여 디폴트(채무불이행)가 증가할 수 있습니다.
3. 가계부채 증가로 인해 지역 내 부동산 가격이 상승하여 지역 내 자산 격차가 확대될 수 있습니다.

3단계: 답변하기
가계부채 증가의 장단기 영향은 개인과 지역 경제에 따라 달라질 수 있습니다. 가계부채 증가로 인해 소비가 증가하고 은행 대출이 증가하여 지역 경제에 활력을 불어넣을 수 있지만, 이자 비용이 증가하고 부채 상환 능력이 감소하여 디폴트가 증가할",3,4,3,4,3.5,3,4,3,4,3.5
